{
  "generated_at_utc": "2026-06-15T03:26:55.747448+00:00",
  "source_csvs": [
    "datasets\\by_river\\sample_water_quality\\Sungai Gombak.csv",
    "datasets\\by_river\\sample_water_quality\\Sungai Kinabatangan.csv",
    "datasets\\by_river\\sample_water_quality\\Sungai Klang.csv",
    "datasets\\by_river\\sample_water_quality\\Sungai Kulim.csv",
    "datasets\\by_river\\sample_water_quality\\Sungai Perak.csv",
    "datasets\\by_river\\sample_water_quality\\Sungai Pinang.csv",
    "datasets\\by_river\\sample_water_quality\\Sungai Sarawak.csv"
  ],
  "preprocessed_rows": 1828,
  "random_forest_classification": {
    "accuracy": 0.9525959367945824,
    "precision_weighted": 0.9509983858145131,
    "recall_weighted": 0.9525959367945824,
    "f1_weighted": 0.9506358931834584,
    "f1_macro": 0.8949584278155708,
    "labels": [
      "clean",
      "slightly_polluted",
      "polluted"
    ],
    "confusion_matrix": [
      [
        71,
        0,
        0
      ],
      [
        5,
        327,
        4
      ],
      [
        0,
        12,
        24
      ]
    ],
    "classification_report": {
      "clean": {
        "precision": 0.9342105263157895,
        "recall": 1.0,
        "f1-score": 0.9659863945578231,
        "support": 71.0
      },
      "slightly_polluted": {
        "precision": 0.9646017699115044,
        "recall": 0.9732142857142857,
        "f1-score": 0.9688888888888889,
        "support": 336.0
      },
      "polluted": {
        "precision": 0.8571428571428571,
        "recall": 0.6666666666666666,
        "f1-score": 0.75,
        "support": 36.0
      },
      "accuracy": 0.9525959367945824,
      "macro avg": {
        "precision": 0.9186517177900503,
        "recall": 0.8799603174603173,
        "f1-score": 0.8949584278155708,
        "support": 443.0
      },
      "weighted avg": {
        "precision": 0.9509983858145131,
        "recall": 0.9525959367945824,
        "f1-score": 0.9506358931834584,
        "support": 443.0
      }
    },
    "cross_validation": {
      "fold_accuracy": [
        0.9672131147540983,
        0.9525959367945824,
        0.9396751740139211,
        0.9234234234234234,
        0.9644808743169399
      ],
      "mean_accuracy": 0.9494777046605931,
      "std_accuracy": 0.016274387364370126,
      "n_folds": 5,
      "n_folds_evaluated": 5,
      "n_unique_groups": 7
    },
    "split_info": {
      "test_size": 0.2,
      "train_rows": 1385,
      "test_rows": 443,
      "group_column": "station_code",
      "group_disjoint": true
    },
    "feature_columns": [
      "DO",
      "BOD",
      "COD",
      "AN",
      "TSS",
      "pH"
    ]
  },
  "lstm_regression": {
    "mse": 123.14820177896473,
    "rmse": 11.097215947207873,
    "mae": 8.41214260351253,
    "r2": -0.026453746591666993,
    "r2_vs_test_mean": {
      "r2": -0.026453746591666993,
      "r2_sklearn": -0.026453746591666993,
      "matches_sklearn": true,
      "mean_y_test": 70.78205857795624,
      "ss_res": 31895.384260751867,
      "ss_tot": 31073.37701933505,
      "n_points": 259,
      "formula": "R2 = 1 - sum((y_test - y_pred)^2) / sum((y_test - mean(y_test))^2)"
    },
    "baseline": {
      "strategy": "previous_timestep_wqi",
      "rmse": 15.239984503809328,
      "mae": 12.219886007254079
    },
    "improvement_vs_baseline_pct": {
      "rmse": 27.183548353122962,
      "mae": 31.16022032841519
    },
    "split_info": {
      "n_sequences_total": 186,
      "n_train": 135,
      "n_val": 14,
      "n_test": 37,
      "test_ratio": 0.2,
      "val_ratio_of_train_val": 0.1,
      "shuffle_windows": false,
      "keras_fit_shuffle": false,
      "station_code_used": "S04",
      "lag_days": [
        1,
        7,
        30
      ],
      "monsoon_features": [
        "monsoon_ne",
        "monsoon_sw",
        "monsoon_other"
      ],
      "loss": "huber",
      "huber_delta": 1.0,
      "direction_loss_weight": 0.0,
      "target_wqi_diff": false,
      "random_seed": 42,
      "add_month_cyclical": false,
      "use_bidirectional": true,
      "extra_param_columns": [],
      "lstm_units": [
        64,
        32
      ],
      "dropout": 0.2,
      "architecture": "2x_bidirectional_lstm",
      "early_stopping_patience": 10,
      "seq_len": 30
    },
    "stations_trained": [
      "S01",
      "S02",
      "S03",
      "S04",
      "S05",
      "S06",
      "S07"
    ],
    "per_station": {
      "S01": {
        "mse": 113.77644340664546,
        "rmse": 10.666604117836448,
        "mae": 7.97772788191032,
        "r2": -0.050367883903573496,
        "r2_vs_test_mean": {
          "r2": -0.050367883903573496,
          "r2_sklearn": -0.050367883903573496,
          "matches_sklearn": true,
          "mean_y_test": 72.89615110340962,
          "ss_res": 31060.96905001421,
          "ss_tot": 29571.51444366295,
          "n_points": 273,
          "formula": "R2 = 1 - sum((y_test - y_pred)^2) / sum((y_test - mean(y_test))^2)"
        },
        "baseline": {
          "strategy": "previous_timestep_wqi",
          "rmse": 14.656929289782294,
          "mae": 11.543473886904543
        },
        "improvement_vs_baseline_pct": {
          "rmse": 27.224837433906433,
          "mae": 30.889713442669738
        },
        "split_info": {
          "n_sequences_total": 199,
          "n_train": 144,
          "n_val": 16,
          "n_test": 39,
          "test_ratio": 0.2,
          "val_ratio_of_train_val": 0.1,
          "shuffle_windows": false,
          "keras_fit_shuffle": false,
          "station_code_used": "S01",
          "lag_days": [
            1,
            7,
            30
          ],
          "monsoon_features": [
            "monsoon_ne",
            "monsoon_sw",
            "monsoon_other"
          ],
          "loss": "huber",
          "huber_delta": 1.0,
          "direction_loss_weight": 0.0,
          "target_wqi_diff": false,
          "random_seed": 42,
          "add_month_cyclical": false,
          "use_bidirectional": true,
          "extra_param_columns": [],
          "lstm_units": [
            64,
            32
          ],
          "dropout": 0.2,
          "architecture": "2x_bidirectional_lstm",
          "early_stopping_patience": 10,
          "seq_len": 30
        }
      },
      "S02": {
        "mse": 103.1772777902413,
        "rmse": 10.157621660125036,
        "mae": 7.860690672862495,
        "r2": -0.14610066611470462,
        "r2_vs_test_mean": {
          "r2": -0.14610066611470462,
          "r2_sklearn": -0.14610066611470462,
          "matches_sklearn": true,
          "mean_y_test": 71.56880843494892,
          "ss_res": 24556.192114077432,
          "ss_tot": 21425.8597347502,
          "n_points": 238,
          "formula": "R2 = 1 - sum((y_test - y_pred)^2) / sum((y_test - mean(y_test))^2)"
        },
        "baseline": {
          "strategy": "previous_timestep_wqi",
          "rmse": 13.645005404505005,
          "mae": 10.505292211752854
        },
        "improvement_vs_baseline_pct": {
          "rmse": 25.557950627330506,
          "mae": 25.17399312254919
        },
        "split_info": {
          "n_sequences_total": 172,
          "n_train": 125,
          "n_val": 13,
          "n_test": 34,
          "test_ratio": 0.2,
          "val_ratio_of_train_val": 0.1,
          "shuffle_windows": false,
          "keras_fit_shuffle": false,
          "station_code_used": "S02",
          "lag_days": [
            1,
            7,
            30
          ],
          "monsoon_features": [
            "monsoon_ne",
            "monsoon_sw",
            "monsoon_other"
          ],
          "loss": "huber",
          "huber_delta": 1.0,
          "direction_loss_weight": 0.0,
          "target_wqi_diff": false,
          "random_seed": 42,
          "add_month_cyclical": false,
          "use_bidirectional": true,
          "extra_param_columns": [],
          "lstm_units": [
            64,
            32
          ],