{
  "generated_at_utc": "2026-06-04T04:00:15.004334+00:00",
  "source_csvs": [
    "datasets\\by_river\\sample_water_quality\\Sungai Gombak.csv",
    "datasets\\by_river\\sample_water_quality\\Sungai Kinabatangan.csv",
    "datasets\\by_river\\sample_water_quality\\Sungai Klang.csv",
    "datasets\\by_river\\sample_water_quality\\Sungai Kulim.csv",
    "datasets\\by_river\\sample_water_quality\\Sungai Perak.csv",
    "datasets\\by_river\\sample_water_quality\\Sungai Pinang.csv",
    "datasets\\by_river\\sample_water_quality\\Sungai Sarawak.csv"
  ],
  "preprocessed_rows": 2359,
  "random_forest_classification": {
    "accuracy": 0.9571106094808126,
    "precision_weighted": 0.9576173132200468,
    "recall_weighted": 0.9571106094808126,
    "f1_weighted": 0.9571437102556096,
    "f1_macro": 0.906362748803225,
    "labels": [
      "clean",
      "slightly_polluted",
      "polluted"
    ],
    "confusion_matrix": [
      [
        71,
        0,
        0
      ],
      [
        5,
        328,
        7
      ],
      [
        0,
        7,
        25
      ]
    ],
    "classification_report": {
      "clean": {
        "precision": 0.9342105263157895,
        "recall": 1.0,
        "f1-score": 0.9659863945578231,
        "support": 71.0
      },
      "slightly_polluted": {
        "precision": 0.9791044776119403,
        "recall": 0.9647058823529412,
        "f1-score": 0.9718518518518519,
        "support": 340.0
      },
      "polluted": {
        "precision": 0.78125,
        "recall": 0.78125,
        "f1-score": 0.78125,
        "support": 32.0
      },
      "accuracy": 0.9571106094808126,
      "macro avg": {
        "precision": 0.8981883346425766,
        "recall": 0.9153186274509805,
        "f1-score": 0.906362748803225,
        "support": 443.0
      },
      "weighted avg": {
        "precision": 0.9576173132200468,
        "recall": 0.9571106094808126,
        "f1-score": 0.9571437102556096,
        "support": 443.0
      }
    },
    "cross_validation": {
      "fold_accuracy": [
        0.9191919191919192,
        0.941952506596306,
        0.9535452322738386,
        0.9721254355400697,
        0.9484193011647255
      ],
      "mean_accuracy": 0.9470468789533719,
      "std_accuracy": 0.017174967552229175,
      "n_folds": 5,
      "n_folds_evaluated": 5,
      "n_unique_groups": 7
    },
    "split_info": {
      "test_size": 0.2,
      "train_rows": 1916,
      "test_rows": 443,
      "group_column": "station_code",
      "group_disjoint": true
    },
    "feature_columns": [
      "DO",
      "BOD",
      "COD",
      "AN",
      "TSS",
      "pH"
    ]
  },
  "lstm_regression": {
    "mse": 0.043632620770271906,
    "rmse": 0.2088842281510787,
    "mae": 0.1613625510330108,
    "r2": -0.008661075080495406,
    "r2_vs_test_mean": {
      "r2": -0.008661075080495406,
      "r2_sklearn": -0.008661075080495406,
      "matches_sklearn": true,
      "mean_y_test": 0.4962336423099998,
      "ss_res": 22.601697559000847,
      "ss_tot": 22.407623449925573,
      "n_points": 518,
      "formula": "R2 = 1 - sum((y_test - y_pred)^2) / sum((y_test - mean(y_test))^2)"
    },
    "baseline": {
      "strategy": "previous_timestep_wqi",
      "rmse": 0.29990560290006923,
      "mae": 0.24079976967021724
    },
    "improvement_vs_baseline_pct": {
      "rmse": 30.35000809215276,
      "mae": 32.988909726117335
    },
    "split_info": {
      "n_sequences_total": 373,
      "n_train": 270,
      "n_val": 29,
      "n_test": 74,
      "test_ratio": 0.2,
      "val_ratio_of_train_val": 0.1,
      "shuffle_windows": false,
      "keras_fit_shuffle": false,
      "station_code_used": "S05",
      "lag_days": [
        1,
        7,
        30
      ],
      "monsoon_features": [
        "monsoon_ne",
        "monsoon_sw",
        "monsoon_other"
      ],
      "loss": "huber",
      "huber_delta": 1.0,
      "direction_loss_weight": 0.0,
      "target_wqi_diff": false,
      "random_seed": 42,
      "add_month_cyclical": false,
      "use_bidirectional": true,
      "extra_param_columns": [],
      "lstm_units": [
        64,
        32
      ],
      "dropout": 0.2,
      "architecture": "2x_bidirectional_lstm",
      "early_stopping_patience": 10,
      "seq_len": 30
    },
    "final_train_loss": [
      0.021406322717666626
    ],
    "final_val_loss": [
      0.025052711367607117
    ],
    "seq_len": 30,
    "horizon": 7,
    "loss_plot_path": "C:\\Users\\irfan\\Downloads\\FYP 2526\\SmartRiver\\ml_models\\lstm\\lstm_training_loss.png",
    "pred_vs_actual_plot_path": "C:\\Users\\irfan\\Downloads\\FYP 2526\\SmartRiver\\ml_models\\lstm\\lstm_pred_vs_actual_test.png"
  },
  "isolation_forest": {
    "n_samples": 2359,
    "n_flagged_anomalies": 118,
    "anomaly_rate": 0.050021,
    "feature_columns": [
      "WQI",
      "DO",
      "BOD",
      "COD",
      "AN",
      "TSS",
      "pH"
    ]
  }
}