{
  "generated_at_utc": "2026-04-08T01:58:01.853041+00:00",
  "source_csvs": [
    "datasets\\sample_water_quality.csv"
  ],
  "preprocessed_rows": 1096,
  "random_forest_classification": {
    "accuracy": 0.9375,
    "precision_weighted": 0.9371715671715671,
    "recall_weighted": 0.9375,
    "f1_weighted": 0.9371601428287474,
    "f1_macro": 0.897317583364095,
    "labels": [
      "clean",
      "slightly_polluted",
      "polluted"
    ],
    "confusion_matrix": [
      [
        34,
        1,
        0
      ],
      [
        3,
        144,
        4
      ],
      [
        0,
        5,
        17
      ]
    ],
    "classification_report": {
      "clean": {
        "precision": 0.918918918918919,
        "recall": 0.9714285714285714,
        "f1-score": 0.9444444444444444,
        "support": 35.0
      },
      "slightly_polluted": {
        "precision": 0.96,
        "recall": 0.9536423841059603,
        "f1-score": 0.9568106312292359,
        "support": 151.0
      },
      "polluted": {
        "precision": 0.8095238095238095,
        "recall": 0.7727272727272727,
        "f1-score": 0.7906976744186046,
        "support": 22.0
      },
      "accuracy": 0.9375,
      "macro avg": {
        "precision": 0.8961475761475762,
        "recall": 0.8992660760872683,
        "f1-score": 0.897317583364095,
        "support": 208.0
      },
      "weighted avg": {
        "precision": 0.9371715671715671,
        "recall": 0.9375,
        "f1-score": 0.9371601428287474,
        "support": 208.0
      }
    },
    "cross_validation": {
      "fold_accuracy": [
        0.9106382978723404,
        0.9502262443438914,
        0.9324324324324325,
        0.9523809523809523,
        0.9375
      ],
      "mean_accuracy": 0.9366355854059233,
      "std_accuracy": 0.015012629737386504,
      "n_folds": 5,
      "n_folds_evaluated": 5,
      "n_unique_groups": 5
    },
    "split_info": {
      "test_size": 0.2,
      "train_rows": 888,
      "test_rows": 208,
      "group_column": "station_code",
      "group_disjoint": true
    },
    "feature_columns": [
      "DO",
      "BOD",
      "COD",
      "AN",
      "TSS",
      "pH"
    ]
  },
  "lstm_regression": {
    "mse": 0.029150592163205147,
    "rmse": 0.17073544495272547,
    "mae": 0.1261242777109146,
    "r2": -0.10194361209869385,
    "baseline": {
      "strategy": "previous_timestep",
      "rmse": 0.22914479672908783,
      "mae": 0.18103943765163422
    },
    "improvement_vs_baseline_pct": {
      "rmse": 25.49014972634019,
      "mae": 30.333258130413714
    },
    "split_info": {
      "n_sequences_total": 199,
      "n_train": 144,
      "n_val": 16,
      "n_test": 39,
      "test_ratio": 0.2,
      "val_ratio_of_train_val": 0.1,
      "shuffle": false,
      "station_code_used": "S01"
    },
    "final_train_loss": [
      0.04215548187494278
    ],
    "final_val_loss": [
      0.038923200219869614
    ],
    "seq_len": 30,
    "horizon": 7
  },
  "isolation_forest": {
    "n_samples": 1096,
    "n_flagged_anomalies": 55,
    "anomaly_rate": 0.050182,
    "feature_columns": [
      "WQI",
      "DO",
      "BOD",
      "COD",
      "AN",
      "TSS",
      "pH"
    ]
  }
}